{"cameraMode":{"drawMode":0,"name":"Shaded","section":"Shading Mode"},"sceneLighting":true,"audioPlay":false,"sceneViewState":{"m_AlwaysRefresh":false,"showFog":true,"showSkybox":true,"showFlares":true,"showImageEffects":true,"showParticleSystems":true,"showVisualEffectGraphs":true,"m_FxEnabled":true},"in2DMode":false,"pivot":{"x":2.090585231781006,"y":8.593570709228516,"z":-6.044063091278076},"rotation":{"x":0.18699784576892854,"y":-0.0029427986592054369,"z":0.0005820936639793217,"w":0.9823890328407288},"size":9.259795188903809,"orthographic":true}