{"cameraMode":{"drawMode":0,"name":"Shaded","section":"Shading Mode"},"sceneLighting":true,"audioPlay":false,"sceneViewState":{"m_AlwaysRefresh":false,"showFog":true,"showSkybox":true,"showFlares":true,"showImageEffects":true,"showParticleSystems":true,"showVisualEffectGraphs":true,"m_FxEnabled":true},"in2DMode":false,"pivot":{"x":-0.5709348917007446,"y":9.961304664611817,"z":-12.209512710571289},"rotation":{"x":0.36208200454711916,"y":0.0013985714176669717,"z":-0.0005429660668596625,"w":0.9321469664573669},"size":3.5382297039031984,"orthographic":true}